SNPs,avian_or_mammalian
PB2_G25A_D9N,avian
PB2_A88C_I30L,not_found
PB2_A161G_K54R,mammalian
PB2_G185A_R62K,mammalian
PB2_G209A_R70K,avian
PB2_T246G_N82K,not_found
PB2_G259A_D87N,avian
PB2_A260G_D87G,not_found
PB2_G325A_V109I,avian
PB2_A349C_T117P,avian
PB2_A441G_I147M,mammalian
PB2_G464A_S155N,mammalian
PB2_T548C_L183S,mammalian
PB2_A553G_I185V,mammalian
PB2_G562A_E188K,mammalian
PB2_G595A_A199T,mammalian
PB2_G618A_M206I,mammalian
PB2_C662T_A221V,not_found
PB2_A727G_M243V,not_found
PB2_G752A_R251K,mammalian
PB2_G820A_A274T,mammalian
PB2_A856G_S286G,avian
PB2_G1019A_R340K,not_found
PB2_T1225C_C409R,avian
PB2_C1358T_P453L,mammalian 
PB2_C1412T_T471I,not_found
PB2_A1445G_K482R,mammalian
PB2_A1577G_K526R,avian
PB2_C1595T_S532L,not_found
PB2_C1601T_S534F,not_found
PB2_G1699A_D567N,avian
PB2_G1762A_A588T,avian
PB2_C1763T_A588V,mammalian
PB2_A1879G_K627E,mammalian
PB2_A1880G_E627G,not_found
PB2_T1943C_V648A,avian
PB2_A1996T_T666S,avian
PB2_C2021T_A674V,mammalian
PB2_G2050A_A684T,avian
PB2_G2101A_D701N,mammalian
PB2_G2108A_R703K,not_found
PB2_A2131G_N711D,mammalian
PB2_C2150T_A717V,not_found
PB2_A2239G_S747G,not_found
PB1_G34A_V12M,not_found
PB1_G226A_D76N,avian
PB1_T448C_F150L,not_found
PB1_G452A_R151K,not_found
PB1_G529A_E177K,mammalian
PB1_G560A_R187K,not_found
PB1_G598C_V200L,not_found
PB1_G632A_R211K,mammalian
PB1_G644A_R215K,mammalian
PB1_G647A_S216N,avian
PB1_G769A_A257T,avian
PB1_G860A_R287K,mammalian
PB1_A886G_T296A,not_found
PB1_G980A_R327K,mammalian
PB1_G991A_E331K,mammalian
PB1_A1042G_M348V,not_found
PB1_G1082A_S361N,mammalian
PB1_A1173C_K391N,mammalian
PB1_T1190C_I397T,avian
PB1_G1390A_D464N,avian
PB1_A1603G_I535V,mammalian
PB1_C1662A_D554E,not_found
PB1_G1688A_R563K,mammalian
PB1_G1690A_G564S,mammalian
PB1_C1697T_T566I,not_found
PB1_G1717A_A573T,not_found
PB1_T1795C_Y599H,not_found
PB1_T1826C_V609A,not_found
PB1_A1841G_E614G,mammalian
PB1_A2044G_I682V,mammalian
PB1_A2090G_E697G,mammalian
PB1_G2125A_V709I,avian
PB1_T2188G_F730V,not_found
PB1_A2270G_K757R,not_found
PA_T10C_F4L,mammalian
PA_T12A_F4L,mammalian
PA_G130A_V44I,avian
PA_C194T_S65F,avian
PA_G295A_G99R,not_found
PA_A302G_E101G,avian
PA_A387G_I129M,avian
PA_T449A_F150Y,not_found
PA_G691A_A231T,avian
PA_C799T_P267S,mammalian
PA_C802T_L268F,avian
PA_G806A_R269K,mammalian
PA_G806T_R269I,avian
PA_C811T_P271S,mammalian 
PA_G1027A_A343T,mammalian 
PA_A1037G_Q346R,mammalian
PA_G1039A_D347N,not_found
PA_A1046G_E349G,mammalian
PA_C1070T_T357I,not_found
PA_A1076G_N359S,not_found
PA_G1151A_C384Y,not_found
PA_A1226G_N409S,avian
PA_G1342A_A448T,avian
PA_G1552A_V518I,not_found
PA_C1627A_L543I,not_found
PA_G1644A_M548I,mammalian
PA_G1660A_V554I,mammalian
PA_G1867A_E623K,mammalian
PA_C1873A_P625T,not_found
PA_G1879A_G627R,not_found
PA_G1882A_V628M,not_found
PA_G1891A_G631S,not_found
PA_G1924T_A642S,not_found
PA_C2014T_L672F,not_found
PA_G2044A_D682N,avian
PA_A2063G_E688G,mammalian
HA_C140T_A47V,not_found
HA_G194A_R65K,avian
HA_C236T_T79I,mammalian
HA_G410A_G137E,avian
HA_G416T_R139I,not_found
HA_G416A_R139K,avian
HA_C419T_T140I,avian
HA_A421G_N141D,mammalian
HA_G427A_A143T,mammalian
HA_A442G_R148G,mammalian
HA_G452A_G151E,avian
HA_A491G_N164S,mammalian
HA_A499G_N167D,avian
HA_C503T_A168V,not_found
HA_G505A_A169T,mammalian
HA_G519A_M173I,avian
HA_T580C_S194P,avian
HA_A596G_E199G,not_found
HA_A622G_N208D,not_found
HA_G641A_G214E,mammalian
HA_A643G_S215G,not_found
HA_G667A_V223I,mammalian
HA_C683A_A228E,mammalian
HA_T704A_L235Q,avian
HA_C707A_S236Y,mammalian
HA_G735A_M245I,mammalian
HA_G859A_E287K,mammalian
HA_G865A_D289N,avian
HA_T893C_I298T,mammalian
HA_G928A_A310T,mammalian
HA_G1387A_E463K,mammalian
HA_C1433A_T478K,not_found
HA_G1537A_D513N,mammalian
HA_T1544C_V515A,not_found
NP_G97A_V33I,avian
NP_A100G_S34G,avian
NP_G101A_S34N,avian
NP_G149A_S50N,mammalian
NP_A187G_I63V,mammalian
NP_G194A_R65K,mammalian
NP_C244T_H82Y,not_found
NP_A272G_K91R,not_found
NP_G293A_R98K,mammalian
NP_G299A_R100K,not_found
NP_G313A_V105M,avian 
NP_T326C_I109T,avian
NP_G350A_R117K,not_found
NP_A571G_M191V,mammalian
NP_A715G_M239V,mammalian
NP_G850A_A284T,mammalian
NP_G874T_E292*,not_found
NP_C1007T_A336V,not_found
NP_G1056A_M352I,avian 
NP_G1117A_A373T,avian
NP_G1151A_R384K,mammalian
NP_A1490G_D497G,mammalian
NA_C29T_T10I,not_found
NA_C32T_S11L,avian
NA_G40A_A14T,mammalian
NA_G64A_V22I,avian
NA_G101A_G34E,avian
NA_C152T_T51I,avian
NA_G220A_E74K,avian
NA_G318T_E106D,not_found
NA_G410A_R137K,not_found
NA_C482T_S161L,not_found
NA_A587C_N196T,not_found
NA_C731T_T244I,not_found
NA_G789T_E263D,mammalian
NA_A866G_K289R,mammalian
NA_A898G_I300V,mammalian
NA_G916A_A306T,mammalian
NA_G1093A_A365T,mammalian
NA_G1148A_R383K,mammalian
NA_A1195T_S399C,avian
NA_A1294G_K432E,mammalian
NA_A1379G_K460R,avian
M1_G80A_R27K,not_found
M1_C328T_H110Y,avian 
M1_G495A_M165I,mammalian
M1_C503G_T168S,avian
M1_C506T_T169I,mammalian
M1_C578T_A193V,not_found
M1_G609A_M203I,avian
M1_G613A_V205I,mammalian
M1_G629A_R210K,not_found
M1_G655A_V219I,mammalian
M1_G715A_A239T,mammalian
M2_G729A_G14E,mammalian
M2_C753T_S22L,mammalian
M2_G760C_E24D,
M2_C762T_P25L,avian
M2_A927G_Q80R,avian
M2_G954A_G89D,avian
NS1_G4A_D2N,avian
NS1_C20T_S7L,not_found
NS1_G131A_R44K,avian
NS1_G133A_G45R,avian
NS1_G143A_S48N,mammalian
NS1_G193A_V65M,mammalian
NS1_G208A_E70K,avian
NS1_A215G_E72G,avian
NS1_C253T_P85S,avian
NS1_A280G_T94A,not_found
NS1_C283T_L95F,not_found
NS1_G301A_D101N,mammalian
NS1_G353A_R118K,avian
NS1_G357A_M119I,not_found
NS1_G370A_V124M,mammalian
NS1_A380C_N127T,avian
NS1_C484T_P162S,mammalian
NS1_G503A_G168E,mammalian
NS1_G565A_D189N,not_found
NS1_C590T_T197I,not_found
NS1_G609A_W203*,mammalian
NS1_G617A_S206N,mammalian
NS1_G625A_D209N,mammalian
NS1_G628A_G210R,avian
NS1_A631G_R211G,mammalian
NS1_C635T_S212F,avian
NEP_G4A_D2N,avian
NEP_C20T_S7L,avian
NEP_G503A_D11N,mammalian
NEP_G537A_R22K,avian
NEP_C540T_S23F,not_found
NEP_C543T_S24L,not_found
NEP_G565A_M31I,not_found 
NEP_C570T_T33I,avian
NEP_C582T_S37F,avian
NEP_C590T_L40F,avian
NEP_G609A_G46E,mammalian
NEP_G617A_A49T,mammalian
NEP_G628A_M52I,avian
NEP_C635T_L55F,avian
NEP_A657C_N62T,not_found
NEP_G660A_G63E,not_found
NEP_G671A_E67K,avian
NEP_A698G_I76V,not_found
NEP_A728G_R86G,mammalian
NEP_C782A_Q104K,not_found